{
  "resnet18_baseline": {
    "spearman_rho": 0.44126368920997,
    "spearman_p": 0.0024118682202386365,
    "pearson_r": 0.46520096057870947,
    "pearson_p": 0.0012823609190915606
  },
  "resnet18_topo": {
    "spearman_rho": 0.6132974805378083,
    "spearman_p": 7.493398588757605e-06,
    "pearson_r": 0.612032075071113,
    "pearson_p": 7.918859148163175e-06
  },
  "resnet50_baseline": {
    "spearman_rho": 0.46660765692583356,
    "spearman_p": 0.0012338628362613493,
    "pearson_r": 0.44122447742901116,
    "pearson_p": 0.0024142766800926215
  },
  "resnet50_topo": {
    "spearman_rho": 0.5774709293164304,
    "spearman_p": 3.2783795518625855e-05,
    "pearson_r": 0.5471320267047294,
    "pearson_p": 0.00010058149738408992
  }
}