{
  "resnet18_baseline": {
    "spearman_rho": 0.4623615471514481,
    "spearman_p": 0.001385452823775144,
    "pearson_r": 0.47968640575751414,
    "pearson_p": 0.0008553614153781741
  },
  "resnet18_topo_v1": {
    "spearman_rho": 0.6453423402413739,
    "spearman_p": 1.7008284683504218e-06,
    "pearson_r": 0.6213522555344988,
    "pearson_p": 5.242507670779005e-06
  },
  "resnet18_topo_v2": {
    "spearman_rho": 0.564732599993274,
    "spearman_p": 5.31964345973827e-05,
    "pearson_r": 0.48626230250055147,
    "pearson_p": 0.0007075199110684494
  },
  "resnet50_baseline": {
    "spearman_rho": 0.4946054432506881,
    "spearman_p": 0.0005530754294537393,
    "pearson_r": 0.48517912161075055,
    "pearson_p": 0.0007301744619986123
  },
  "resnet50_topo_v1": {
    "spearman_rho": 0.6412952668626628,
    "spearman_p": 2.0705565046375434e-06,
    "pearson_r": 0.608183809910102,
    "pearson_p": 9.353320864652405e-06
  },
  "resnet50_topo_v2": {
    "spearman_rho": 0.5407818870471306,
    "spearman_p": 0.00012548310333976767,
    "pearson_r": 0.5285118005063871,
    "pearson_p": 0.00019004795099334158
  }
}