{
  "resnet18_CE": {
    "model": "resnet18",
    "method": "CE",
    "test_accuracy": 0.9583333333333334,
    "knn": {
      "k=1": {
        "accuracy": 0.96875,
        "correct": 465,
        "total": 480
      },
      "k=3": {
        "accuracy": 0.9604166666666667,
        "correct": 461,
        "total": 480
      },
      "k=5": {
        "accuracy": 0.9625,
        "correct": 462,
        "total": 480
      },
      "k=10": {
        "accuracy": 0.9625,
        "correct": 462,
        "total": 480
      }
    },
    "embedding_mantel": {
      "spearman_rho": 0.46760283890420523,
      "p_value": 0.001,
      "significant": true
    },
    "centroid_distance_matrix": [
      [
        0.0,
        0.7249548354753576,
        0.8269514484681557,
        0.7740807591005889,
        0.8878785324504046,
        0.8566385429728015,
        0.9020631751243925,
        0.8110230373766519,
        0.8933808691369892,
        0.855091921875632
      ],
      [
        0.7249548354753576,
        0.0,
        0.9328256119390823,
        0.8478004972452519,
        0.7509086786449963,
        0.8402020217527821,
        0.9138651473947472,
        0.8325963128505804,
        0.8248558263343944,
        0.6672768072378974
      ],
      [
        0.8269514484681557,
        0.9328256119390823,
        0.0,
        0.8959840109168391,
        0.9827430034475316,
        0.86908391965778,
        0.8934799225641346,
        1.0,
        0.8856051012957842,
        0.9104932713051226
      ],
      [
        0.7740807591005889,
        0.8478004972452519,
        0.8959840109168391,
        0.0,
        0.8208249718561313,
        0.8854444162653108,
        0.8612744205079271,
        0.6710792188271779,
        0.861585161885186,
        0.7219234463152568
      ],
      [
        0.8878785324504046,
        0.7509086786449963,
        0.9827430034475316,
        0.8208249718561313,
        0.0,
        0.8418781799323957,
        0.8585945898228582,
        0.9858958843670073,
        0.8844490843241383,
        0.6696270011080403
      ],
      [
        0.8566385429728015,
        0.8402020217527821,
        0.86908391965778,
        0.8854444162653108,
        0.8418781799323957,
        0.0,
        0.6322934544137233,
        0.8947099712700776,
        0.5779612841339439,
        0.7738416875279187
      ],
      [
        0.9020631751243925,
        0.9138651473947472,
        0.8934799225641346,
        0.8612744205079271,
        0.8585945898228582,
        0.6322934544137233,
        0.0,
        0.997227611194484,
        0.6906021916936247,
        0.9046198902234119
      ],
      [
        0.8110230373766519,
        0.8325963128505804,
        1.0,
        0.6710792188271779,
        0.9858958843670073,
        0.8947099712700776,
        0.997227611194484,
        0.0,
        0.8075431768131722,
        0.8727238747693059
      ],
      [
        0.8933808691369892,
        0.8248558263343944,
        0.8856051012957842,
        0.861585161885186,
        0.8844490843241383,
        0.5779612841339439,
        0.6906021916936247,
        0.8075431768131722,
        0.0,
        0.8013941880586148
      ],
      [
        0.855091921875632,
        0.6672768072378974,
        0.9104932713051226,
        0.7219234463152568,
        0.6696270011080403,
        0.7738416875279187,
        0.9046198902234119,
        0.8727238747693059,
        0.8013941880586148,
        0.0
      ]
    ]
  },
  "resnet18_TACA": {
    "model": "resnet18",
    "method": "TACA",
    "test_accuracy": 0.9583333333333334,
    "knn": {
      "k=1": {
        "accuracy": 0.9666666666666667,
        "correct": 464,
        "total": 480
      },
      "k=3": {
        "accuracy": 0.9625,
        "correct": 462,
        "total": 480
      },
      "k=5": {
        "accuracy": 0.9583333333333334,
        "correct": 460,
        "total": 480
      },
      "k=10": {
        "accuracy": 0.9645833333333333,
        "correct": 463,
        "total": 480
      }
    },
    "embedding_mantel": {
      "spearman_rho": 0.618339735894891,
      "p_value": 0.0002,
      "significant": true
    },
    "centroid_distance_matrix": [
      [
        0.0,
        0.6778294612386704,
        0.7954974879594637,
        0.7266425381473849,
        0.8297973180242822,
        0.8373033032397723,
        0.896505520142434,
        0.7824679881575688,
        0.8835676718922723,
        0.8063954325012589
      ],
      [
        0.6778294612386704,
        0.0,
        0.8968609095057,
        0.7934629087022048,
        0.7087188028873291,
        0.8226908086272294,
        0.907877198847448,
        0.7966849825418347,
        0.8203645914346336,
        0.6314563317982113
      ],
      [
        0.7954974879594637,
        0.8968609095057,
        0.0,
        0.856948114075868,
        0.9449313319739181,
        0.8585397699936511,
        0.9007766528356358,
        0.9704060618094941,
        0.887054619426338,
        0.8729231002305203
      ],
      [
        0.7266425381473849,
        0.7934629087022048,
        0.856948114075868,
        0.0,
        0.7733078734646324,
        0.8616040980951315,
        0.8598163603912237,
        0.6385354380202299,
        0.8503553787143637,
        0.677582903656045
      ],
      [
        0.8297973180242822,
        0.7087188028873291,
        0.9449313319739181,
        0.7733078734646324,
        0.0,
        0.8278987607446536,
        0.8550399017915642,
        0.9465281703574461,
        0.8802175272553328,
        0.6422700080271425
      ],
      [
        0.8373033032397723,
        0.8226908086272294,
        0.8585397699936511,
        0.8616040980951315,
        0.8278987607446536,
        0.0,
        0.6224447337948378,
        0.8842660978922344,
        0.5665851008085427,
        0.7688256085368416
      ],
      [
        0.896505520142434,
        0.907877198847448,
        0.9007766528356358,
        0.8598163603912237,
        0.8550399017915642,
        0.6224447337948378,
        0.0,
        1.0,
        0.6956173874991401,
        0.9018877592927823
      ],
      [
        0.7824679881575688,
        0.7966849825418347,
        0.9704060618094941,
        0.6385354380202299,
        0.9465281703574461,
        0.8842660978922344,
        1.0,
        0.0,
        0.8052448541132343,
        0.8293128639661665
      ],
      [
        0.8835676718922723,
        0.8203645914346336,
        0.887054619426338,
        0.8503553787143637,
        0.8802175272553328,
        0.5665851008085427,
        0.6956173874991401,
        0.8052448541132343,
        0.0,
        0.7989209680363261
      ],
      [
        0.8063954325012589,
        0.6314563317982113,
        0.8729231002305203,
        0.677582903656045,
        0.6422700080271425,
        0.7688256085368416,
        0.9018877592927823,
        0.8293128639661665,
        0.7989209680363261,
        0.0
      ]
    ]
  },
  "resnet50_CE": {
    "model": "resnet50",
    "method": "CE",
    "test_accuracy": 0.9666666666666667,
    "knn": {
      "k=1": {
        "accuracy": 0.9583333333333334,
        "correct": 460,
        "total": 480
      },
      "k=3": {
        "accuracy": 0.95625,
        "correct": 459,
        "total": 480
      },
      "k=5": {
        "accuracy": 0.9583333333333334,
        "correct": 460,
        "total": 480
      },
      "k=10": {
        "accuracy": 0.9541666666666667,
        "correct": 458,
        "total": 480
      }
    },
    "embedding_mantel": {
      "spearman_rho": 0.5143763918876707,
      "p_value": 0.0008,
      "significant": true
    },