{
  "model": "resnet18",
  "method": "learnable_topology",
  "epochs": 20,
  "test_acc": 0.98125,
  "best_val_acc": 1.0,
  "train_time": 4190.871132850647,
  "initial_weights": [
    0.20000000298023224,
    0.20000000298023224,
    0.20000000298023224,
    0.20000000298023224,
    0.20000000298023224
  ],
  "learned_weights": [
    0.1548071950674057,
    0.22447262704372406,
    0.23031456768512726,
    0.1483091115951538,
    0.24209646880626678
  ],
  "weight_trajectory": [
    [
      0.20000000298023224,
      0.20000000298023224,
      0.20000000298023224,
      0.20000000298023224,
      0.20000000298023224
    ],
    [
      0.19886653125286102,
      0.2012522965669632,
      0.20260216295719147,
      0.19405682384967804,
      0.20322224497795105
    ],
    [
      0.19726426899433136,
      0.20301592350006104,
      0.20513609051704407,
      0.18822313845157623,
      0.2063606083393097
    ],
    [
      0.1922573298215866,
      0.20641005039215088,
      0.20841099321842194,
      0.18294981122016907,
      0.20997174084186554
    ],
    [
      0.18647052347660065,
      0.21002665162086487,
      0.21187803149223328,
      0.17797216773033142,
      0.2136526107788086
    ],
    [
      0.18102221190929413,
      0.21322813630104065,
      0.21509382128715515,
      0.17337194085121155,
      0.2172839194536209
    ],
    [
      0.1762404441833496,
      0.21593891084194183,
      0.21769236028194427,
      0.16921642422676086,
      0.22091180086135864
    ],
    [
      0.171938955783844,
      0.21838140487670898,
      0.21993635594844818,
      0.16540361940860748,
      0.22433963418006897
    ],
    [
      0.16841484606266022,
      0.21989747881889343,
      0.22203373908996582,
      0.16208933293819427,
      0.22756464779376984
    ],
    [
      0.16585439443588257,
      0.22084076702594757,
      0.22365586459636688,
      0.15933558344841003,
      0.23031334578990936
    ],
    [
      0.1634516716003418,
      0.22184184193611145,
      0.22501583397388458,
      0.15687328577041626,
      0.23281733691692352
    ],
    [
      0.16129815578460693,
      0.22258733212947845,
      0.22642233967781067,
      0.15469300746917725,
      0.23499923944473267
    ],
    [
      0.15941497683525085,
      0.22327257692813873,
      0.22748667001724243,
      0.1529025286436081,
      0.2369232028722763
    ],
    [
      0.15803837776184082,
      0.2236752212047577,
      0.22829362750053406,
      0.1515139490365982,
      0.23847873508930206
    ],
    [
      0.15696609020233154,
      0.22395263612270355,
      0.22891628742218018,
      0.15044116973876953,
      0.23972389101982117
    ],
    [
      0.15607458353042603,
      0.2241998314857483,
      0.22949731349945068,
      0.14958755671977997,
      0.24064071476459503
    ],
    [
      0.1554931253194809,
      0.22432853281497955,
      0.22990448772907257,
      0.14900150895118713,
      0.24127237498760223
    ],
    [
      0.15514758229255676,
      0.22439688444137573,
      0.2301003336906433,
      0.1486494243144989,
      0.24170580506324768
    ],
    [
      0.15493464469909668,
      0.22443217039108276,
      0.23024395108222961,
      0.14843276143074036,
      0.24195636808872223
    ],
    [
      0.15483424067497253,
      0.22446459531784058,
      0.23029829561710358,
      0.14833493530750275,
      0.24206802248954773
    ]
  ],
  "embedding_spearman_rho": 0.5106961747692261,
  "history": {
    "train_loss": [
      1.8644733627637227,
      0.7296461823085943,
      0.30210765451192856,
      0.1649478587011496,
      0.1065948676938812,
      0.07336684161176284,
      0.06108353209371368,
      0.05280195735394955,
      0.04406126316947242,
      0.04171563327933351,
      0.03758990252390504,
      0.02919155180764695,
      0.02798082532050709,
      0.02805563318543136,
      0.02394577853071193,
      0.024400117962310713,
      0.02365553491593649,
      0.02166900271549821,
      0.027105921568969887,
      0.0236082646685342
    ],
    "train_acc": [
      0.36328125,
      0.8138020833333334,
      0.9401041666666666,
      0.9739583333333334,
      0.9869791666666666,
      0.9934895833333334,
      0.9921875,
      0.9947916666666666,
      0.99609375,
      0.9973958333333334,
      0.9986979166666666,
      0.9986979166666666,
      0.9986979166666666,
      1.0,
      1.0,
      1.0,
      1.0,
      1.0,
      0.9986979166666666,
      1.0
    ],
    "val_loss": [
      0.9070531725883484,
      0.3181581099828084,
      0.16572260484099388,
      0.10510748128096263,
      0.08371649930874507,
      0.07102269648263852,
      0.06078884812692801,
      0.059271967659393944,
      0.04121006249139706,
      0.04952624253928661,
      0.039606635148326554,
      0.04849800808976094,
      0.05016219709068537,
      0.03955231234431267,
      0.038345763459801674,
      0.038942206340531506,
      0.036825415678322315,
      0.03673474801083406,
      0.035394507460296154,
      0.03483562978605429
    ],
    "val_acc": [
      0.796875,
      0.9479166666666666,
      0.9739583333333334,
      0.9895833333333334,
      0.9739583333333334,
      0.984375,
      0.984375,
      0.9895833333333334,
      0.9895833333333334,
      0.9947916666666666,
      0.9947916666666666,
      0.984375,
      0.984375,
      0.9947916666666666,
      0.9895833333333334,
      0.9895833333333334,
      0.9947916666666666,
      0.9947916666666666,
      0.9895833333333334,
      1.0
    ],
    "ce_loss": [
      1.855475053191185,
      0.7224926265577475,
      0.29567645614345867,
      0.15827324148267508,
      0.09964717443411548,
      0.06669675706264873,
      0.05424540466628969,
      0.04608846044478317,
      0.03748154539304475,
      0.03537082043476403,
      0.030822673385652404,
      0.0227341092346857,
      0.02175368512204538,
      0.021641377670069534,
      0.017609236781330157,
      0.018277940223924816,
      0.017359744660401095,
      0.01534249191172421,
      0.020790971194704373,
      0.017093509164017934
    ],
    "topo_loss": [
      0.08998310721168916,
      0.07153557163352768,
      0.06431198290859659,
      0.06674617327128847,
      0.06947693446030219,
      0.06670084890599053,
      0.06838127318769693,
      0.06713497452437878,
      0.06579717869559924,
      0.06344812751437227,
      0.06767229471976559,
      0.06457442774747808,
      0.062271401596566044,
      0.06414255344619353,
      0.0633654158251981,
      0.061221775909264885,
      0.06295790088673432,
      0.06326510633031528,
      0.0631495004830261,
      0.06514755341534813
    ]
  },
  "report": {
    "ABK": {
      "precision": 1.0,
      "recall": 0.9791666666666666,
      "f1-score": 0.9894736842105263,
      "support": 48.0
    },
    "BK": {
      "precision": 1.0,
      "recall": 0.9791666666666666,
      "f1-score": 0.9894736842105263,
      "support": 48.0
    },
    "CH": {
      "precision": 1.0,
      "recall": 1.0,
      "f1-score": 1.0,
      "support": 48.0
    },
    "F8K": {
      "precision": 0.9387755102040817,
      "recall": 0.9583333333333334,
      "f1-score": 0.9484536082474226,
      "support": 48.0
    },
    "F8L": {
      "precision": 0.9795918367346939,
      "recall": 1.0,
      "f1-score": 0.9896907216494846,
      "support": 48.0
    },
    "FSK": {
      "precision": 1.0,
      "recall": 0.9583333333333334,
      "f1-score": 0.9787234042553191,
      "support": 48.0
    },
    "FMB": {
      "precision": 1.0,
      "recall": 1.0,
      "f1-score": 1.0,
      "support": 48.0
    },
    "OHK": {
      "precision": 0.9411764705882353,
      "recall": 1.0,
      "f1-score": 0.9696969696969697,
      "support": 48.0
    },
    "RK": {
      "precision": 0.96,
      "recall": 1.0,
      "f1-score": 0.9795918367346939,
      "support": 48.0
    },
    "SK": {
      "precision": 1.0,
      "recall": 0.9375,
      "f1-score": 0.967741935483871,
      "support": 48.0
    },