{
  "model": "resnet50",
  "method": "learnable_topology",
  "epochs": 20,
  "test_acc": 0.9708333333333333,
  "best_val_acc": 0.9947916666666666,
  "train_time": 4668.9261639118195,
  "initial_weights": [0.2, 0.2, 0.2, 0.2, 0.2],
  "learned_weights": [0.17213203012943268, 0.21591778099536896, 0.21697114408016205, 0.15770643949508667, 0.23727259039878845],
  "embedding_spearman_rho": 0.5093583216798311
}