{
  "model": "resnet50",
  "method": "learnable_topology",
  "epochs": 20,
  "test_acc": 0.9604166666666667,
  "best_val_acc": 1.0,
  "train_time": 4534.833585500717,
  "initial_weights": [
    0.20000000298023224,
    0.20000000298023224,
    0.20000000298023224,
    0.20000000298023224,
    0.20000000298023224
  ],
  "learned_weights": [
    0.17092753946781158,
    0.21396026015281677,
    0.21635103225708008,
    0.15368801355361938,
    0.2450731247663498
  ],
  "weight_trajectory": [
    [
      0.20000000298023224,
      0.20000000298023224,
      0.20000000298023224,
      0.20000000298023224,
      0.20000000298023224
    ],
    [
      0.19946607947349548,
      0.2005227655172348,
      0.20114417374134064,
      0.19518768787384033,
      0.20367932319641113
    ],
    [
      0.20173990726470947,
      0.19865120947360992,
      0.19971956312656403,
      0.19294457137584686,
      0.2069448083639145
    ],
    [
      0.20381858944892883,
      0.1972890943288803,
      0.19795022904872894,
      0.19030551612377167,
      0.21063652634620667
    ],
    [
      0.20007064938545227,
      0.19988656044006348,
      0.19959932565689087,
      0.1847231090068817,
      0.21572038531303406
    ],
    [
      0.19426588714122772,
      0.203551784157753,
      0.20316556096076965,
      0.17845898866653442,
      0.2205577790737152
    ],
    [
      0.18867745995521545,
      0.20680122077465057,
      0.20669862627983093,
      0.17286819219589233,
      0.22495447099208832
    ],
    [
      0.18405137956142426,
      0.2091418206691742,
      0.2092830240726471,
      0.16836436092853546,
      0.2291594296693802
    ],
    [
      0.1806485503911972,
      0.2107706218957901,
      0.21113558113574982,
      0.1647208333015442,
      0.23272432386875153
    ],
    [
      0.17815564572811127,
      0.21169766783714294,
      0.21251742541790009,
      0.16181954741477966,
      0.23580977320671082
    ],
    [
      0.1756163090467453,
      0.2128114253282547,
      0.2137978971004486,
      0.15909217298030853,
      0.23868219554424286
    ],
    [
      0.17389072477817535,
      0.2132747769355774,
      0.2147139012813568,
      0.15695475041866302,
      0.241165891289711
    ],
    [
      0.17212998867034912,
      0.21367445588111877,
      0.21574518084526062,
      0.15509100258350372,
      0.24335934221744537
    ],
    [
      0.17092753946781158,
      0.21396026015281677,
      0.21635103225708008,
      0.15368801355361938,
      0.2450731247663498
    ],
    [
      0.16975191235542297,
      0.21430525183677673,
      0.21698299050331116,
      0.15248914062976837,
      0.24647070467472076
    ],
    [
      0.16893713176250458,
      0.21447481215000153,
      0.2174508422613144,
      0.15165266394615173,
      0.24748453497886658
    ],
    [
      0.16842146217823029,
      0.21459707617759705,
      0.2176896631717682,
      0.15107202529907227,
      0.248219832777977
    ],
    [
      0.16813334822654724,
      0.21460038423538208,
      0.2178499549627304,
      0.1507219672203064,
      0.24869433045387268
    ],
    [
      0.1679818332195282,
      0.2146003395318985,
      0.21792708337306976,
      0.15053008496761322,
      0.2489607185125351
    ],
    [
      0.16790871322155,
      0.21460245549678802,
      0.21797214448451996,
      0.15043818950653076,
      0.24907852709293365
    ]
  ],
  "embedding_spearman_rho": 0.5086979423522657,
  "history": {
    "train_loss": [
      2.216661751270294,
      1.5578737904628117,
      0.7243694787224134,
      0.2707211406280597,
      0.12927850801497698,
      0.06305710459128022,
      0.05873688659630716,
      0.061565538363841675,
      0.05014591423484186,
      0.03896430336559812,
      0.02337864328486224,
      0.026810924289748073,
      0.02611377773185571,
      0.01833892446787407,
      0.018465275410562754,
      0.021783523339157302,
      0.022798038786277175,
      0.016793454764410853,
      0.013950779801234603,
      0.01925861726825436
    ],
    "train_acc": [
      0.21875,
      0.62109375,
      0.8580729166666666,
      0.9557291666666666,
      0.9778645833333334,
      0.9908854166666666,
      0.9908854166666666,
      0.984375,
      0.9908854166666666,
      0.99609375,
      1.0,
      0.9986979166666666,
      0.99609375,
      0.9986979166666666,
      0.9986979166666666,
      0.9986979166666666,
      0.99609375,
      1.0,
      0.9986979166666666,
      0.9973958333333334
    ],
    "val_loss": [
      1.9664264718691509,
      0.8657516737778982,
      0.33482350905736286,
      0.14825026566783586,
      0.08221853462358315,
      0.056223152205348015,
      0.08178335552414258,
      0.10075004088381927,
      0.07082048694913586,
      0.027034636897345383,
      0.05327819365387162,
      0.03631826707472404,
      0.020310594234615564,
      0.030007654956231516,
      0.018376366856197517,
      0.02956176983813445,
      0.025772550298521917,
      0.02728940872475505,
      0.02455324058731397,
      0.019897042773663998
    ],
    "val_acc": [
      0.5,
      0.75,
      0.8958333333333334,
      0.96875,
      0.9791666666666666,
      0.9895833333333334,
      0.96875,
      0.9635416666666666,
      0.984375,
      0.9947916666666666,
      0.9791666666666666,
      0.9895833333333334,
      1.0,
      0.9895833333333334,
      1.0,
      0.9947916666666666,
      0.9947916666666666,
      0.9947916666666666,
      0.9947916666666666,
      0.9947916666666666
    ],
    "ce_loss": [
      2.208611657222112,
      1.552974487344424,
      0.7193265135089556,
      0.2641039490699768,
      0.12205480054641764,
      0.055577156211559973,
      0.051567979312191405,
      0.05496406372791777,
      0.04423794584969679,
      0.03203943534754217,
      0.01685750459243233,
      0.02022368601562145,
      0.019932704376212012,
      0.011848512901148448,
      0.01216904770505304,
      0.01577050200042625,
      0.0169258994962244,
      0.010917840389690051,
      0.008014662278583273,
      0.013114066231840601
    ],
    "topo_loss": [
      0.08050101064145565,
      0.04899307441276809,
      0.05042964414072534,
      0.06617193079243104,
      0.07223707033942144,
      0.07479948395242293,
      0.07168907020241022,
      0.06601473673557241,
      0.05907967950527867,
      0.06924868235364556,
      0.0652113864198327,
      0.06587237911298871,
      0.06181073530266682,
      0.0649041134553651,
      0.06296227686107159,
      0.06013021400819222,
      0.05872139288112521,
      0.058756143475572266,
      0.05936117454742392,
      0.0614455098596712
    ]
  },
  "report": {
    "ABK": {
      "precision": 1.0,
      "recall": 0.9791666666666666,
      "f1-score": 0.9894736842105263,
      "support": 48.0
    },
    "BK": {
      "precision": 0.9583333333333334,
      "recall": 0.9583333333333334,
      "f1-score": 0.9583333333333334,
      "support": 48.0
    },
    "CH": {
      "precision": 1.0,
      "recall": 1.0,
      "f1-score": 1.0,
      "support": 48.0
    },
    "F8K": {
      "precision": 1.0,
      "recall": 0.8125,
      "f1-score": 0.896551724137931,
      "support": 48.0
    },
    "F8L": {
      "precision": 1.0,
      "recall": 1.0,
      "f1-score": 1.0,
      "support": 48.0
    },
    "FSK": {
      "precision": 0.9230769230769231,
      "recall": 1.0,
      "f1-score": 0.96,
      "support": 48.0
    },
    "FMB": {
      "precision": 1.0,
      "recall": 0.9375,
      "f1-score": 0.967741935483871,
      "support": 48.0
    },
    "OHK": {
      "precision": 0.8,
      "recall": 1.0,
      "f1-score": 0.8888888888888888,
      "support": 48.0
    },
    "RK": {
      "precision": 1.0,
      "recall": 0.9791666666666666,
      "f1-score": 0.9894736842105263,
      "support": 48.0
    },
    "SK": {
      "precision": 0.9782608695652174,
      "recall": 0.9375,
      "f1-score": 0.9574468085106383,
      "support": 48.0
    },
    "accuracy": 0.9604166666666667,