{
  "model": "resnet18",
  "method": "learnable_topology",
  "epochs": 20,
  "test_acc": 0.9625,
  "best_val_acc": 0.9947916666666666,
  "train_time": 4100.232009887695,
  "initial_weights": [
    0.20000000298023224,
    0.20000000298023224,
    0.20000000298023224,
    0.20000000298023224,
    0.20000000298023224
  ],
  "learned_weights": [
    0.19340574741363525,
    0.2052287608385086,
    0.20955625176429749,
    0.1787041425704956,
    0.21310514211654663
  ],
  "weight_trajectory": [
    [
      0.20000000298023224,
      0.20000000298023224,
      0.20000000298023224,
      0.20000000298023224,
      0.20000000298023224
    ],
    [
      0.19872179627418518,
      0.20180435478687286,
      0.2023211568593979,
      0.19405673444271088,
      0.203095942735672
    ],
    [
      0.20060905814170837,
      0.20103071630001068,
      0.20342716574668884,
      0.18898573517799377,
      0.20594735443592072
    ],
    [
      0.19806282222270966,
      0.202706977725029,
      0.20617738366127014,
      0.1837071180343628,
      0.20934566855430603
    ],
    [
      0.19340574741363525,
      0.2052287608385086,
      0.20955625176429749,
      0.1787041425704956,
      0.21310514211654663
    ],
    [
      0.1884201467037201,
      0.20807625353336334,
      0.21288077533245087,
      0.17394906282424927,
      0.21667376160621643
    ],
    [
      0.18404525518417358,
      0.21045823395252228,
      0.21560081839561462,
      0.16963417828083038,
      0.22026146948337555
    ],
    [
      0.17990344762802124,
      0.2126634120941162,
      0.21823570132255554,
      0.16562214493751526,
      0.22357530891895294
    ],
    [
      0.1763874590396881,
      0.21431675553321838,
      0.2202332764863968,
      0.16226400434970856,
      0.22679850459098816
    ],
    [
      0.17357516288757324,
      0.21562939882278442,
      0.221620574593544,
      0.1593853086233139,
      0.22978956997394562
    ],
    [
      0.1709548532962799,
      0.21663963794708252,
      0.2231317162513733,
      0.1568543165922165,
      0.23241941630840302
    ],
    [
      0.16840016841888428,
      0.21777918934822083,
      0.2244368940591812,
      0.1546020209789276,
      0.2347816675901413
    ],
    [
      0.1663941890001297,
      0.2184639871120453,
      0.22564467787742615,
      0.15278573334217072,
      0.23671139776706696
    ],
    [
      0.16494403779506683,
      0.21884655952453613,
      0.22652143239974976,
      0.15139371156692505,
      0.238294318318367
    ],
    [
      0.16385221481323242,
      0.21905505657196045,
      0.22716538608074188,
      0.15031641721725464,
      0.2396109253168106
    ],
    [
      0.1629388928413391,
      0.219338059425354,
      0.22762633860111237,
      0.1494837999343872,
      0.24061281979084015
    ],
    [
      0.16231340169906616,
      0.2194833904504776,
      0.22798380255699158,
      0.14891266822814941,
      0.24130676686763763
    ],
    [
      0.1618509143590927,
      0.21958006918430328,
      0.22830675542354584,
      0.14850439131259918,
      0.2417578548192978
    ],
    [
      0.16161060333251953,
      0.21962854266166687,
      0.22847837209701538,
      0.14828142523765564,
      0.24200107157230377
    ],
    [
      0.1615135669708252,
      0.21964837610721588,
      0.22853584587574005,
      0.14818784594535828,
      0.24211442470550537
    ]
  ],
  "embedding_spearman_rho": 0.4928603121737869,
  "history": {
    "train_loss": [
      1.8755762974421184,
      0.763439712425073,
      0.34519150108098984,
      0.18082942720502615,
      0.12034784847249587,
      0.07378009838672976,
      0.05830991237113873,
      0.06236611399799585,
      0.04786798536467055,
      0.04008342248077194,
      0.035650211929654084,
      0.034375801449641585,
      0.030795946018770337,
      0.026774239726364613,
      0.025853992206975818,
      0.02634416559400658,
      0.028468712621058028,
      0.024456796042310696,
      0.023283711013694603,
      0.0345398240412275
    ],
    "train_acc": [
      0.3307291666666667,
      0.8098958333333334,
      0.9361979166666666,
      0.98046875,
      0.98046875,
      0.99609375,
      0.9986979166666666,
      0.9947916666666666,
      0.99609375,
      0.9973958333333334,
      0.9986979166666666,
      0.9973958333333334,
      1.0,
      1.0,
      1.0,
      1.0,
      1.0,
      1.0,
      1.0,
      0.99609375
    ],
    "val_loss": [
      0.9046392341454824,
      0.3294501304626465,
      0.1386950338880221,
      0.09725312391916911,
      0.07946068607270718,
      0.06573923615117867,
      0.053296225145459175,
      0.05756975586215655,
      0.045206710075338684,
      0.04174992348998785,
      0.03792236652225256,
      0.031722856064637504,
      0.030049183095494907,
      0.03047201254715522,
      0.03023613306383292,
      0.030794226254026096,
      0.029763474750022095,
      0.027218143300463755,
      0.029413681477308273,
      0.029008951503783464
    ],
    "val_acc": [
      0.7760416666666666,
      0.9427083333333334,
      0.9791666666666666,
      0.9947916666666666,
      0.984375,
      0.9947916666666666,
      0.9895833333333334,
      0.9895833333333334,
      0.9895833333333334,
      0.9895833333333334,
      0.9947916666666666,
      0.9947916666666666,
      0.9947916666666666,
      0.9947916666666666,
      0.9895833333333334,
      0.9895833333333334,
      0.9895833333333334,
      0.9947916666666666,
      0.9947916666666666,
      0.9895833333333334
    ],
    "ce_loss": [
      1.867157260576884,
      0.7560633185009161,
      0.3387530830999215,
      0.17424996383488178,
      0.11387273110449314,
      0.06706849966819088,
      0.05158017350671192,
      0.05591897356013457,
      0.041047833316649,
      0.033659446596478425,
      0.02891661541070789,
      0.028006468938353162,
      0.024378488771617413,
      0.020324425015132874,
      0.01937846631820624,
      0.020165640045888722,
      0.021474036620929837,
      0.018569559382740408,
      0.017109252609467756,
      0.028543107929484297
    ],
    "topo_loss": [
      0.08419029073168834,
      0.07376391875247161,
      0.06438420076544087,
      0.06579465139657259,
      0.06475117662921548,
      0.06711598656450708,
      0.06729739330088098,
      0.06447140360251069,
      0.06820151846234997,
      0.06423975698029001,
      0.06733596216266353,
      0.06369332627703746,
      0.06417457464461525,
      0.06449814653024077,
      0.0647552558220923,
      0.0617852546274662,
      0.06994676170870662,
      0.058872366634507976,
      0.06174458314975103,
      0.05996716286366185
    ]
  },
  "report": {
    "ABK": {
      "precision": 1.0,
      "recall": 0.9583333333333334,
      "f1-score": 0.9787234042553191,
      "support": 48.0
    },
    "BK": {
      "precision": 0.9791666666666666,
      "recall": 0.9791666666666666,
      "f1-score": 0.9791666666666666,
      "support": 48.0
    },
    "CH": {
      "precision": 1.0,
      "recall": 1.0,
      "f1-score": 1.0,
      "support": 48.0
    },
    "F8K": {
      "precision": 0.8727272727272727,
      "recall": 1.0,
      "f1-score": 0.9320388349514563,
      "support": 48.0
    },
    "F8L": {
      "precision": 0.9795918367346939,
      "recall": 1.0,
      "f1-score": 0.9896907216494846,
      "support": 48.0
    },
    "FSK": {
      "precision": 0.9583333333333334,
      "recall": 0.9583333333333334,
      "f1-score": 0.9583333333333334,
      "support": 48.0
    },
    "FMB": {
      "precision": 0.96,
      "recall": 1.0,
      "f1-score": 0.9795918367346939,
      "support": 48.0
    },
    "OHK": {
      "precision": 0.94,
      "recall": 0.9791666666666666,
      "f1-score": 0.9591836734693877,
      "support": 48.0
    },
    "RK": {
      "precision": 0.9565217391304348,
      "recall": 0.9166666666666666,
      "f1-score": 0.9361702127659575,
      "support": 48.0
    },
    "SK": {
      "precision": 1.0,