{
  "model": "resnet18",
  "method": "learnable_topology",
  "epochs": 20,
  "test_acc": 0.9520833333333333,
  "best_val_acc": 0.9895833333333334,
  "train_time": 3982.5386407375336,
  "initial_weights": [
    0.20000000298023224,
    0.20000000298023224,
    0.20000000298023224,
    0.20000000298023224,
    0.20000000298023224
  ],
  "learned_weights": [
    0.17238962650299072,
    0.2177974134683609,
    0.22209607064723969,
    0.16002781689167023,
    0.22768908739089966
  ],
  "weight_trajectory": [
    [
      0.20000000298023224,
      0.20000000298023224,
      0.20000000298023224,
      0.20000000298023224,
      0.20000000298023224
    ],
    [
      0.20112363994121552,
      0.20083995163440704,
      0.20194454491138458,
      0.1933862864971161,
      0.20270557701587677
    ],
    [
      0.2014993578195572,
      0.2010621428489685,
      0.2036801427602768,
      0.18794775009155273,
      0.20581063628196716
    ],
    [
      0.19761985540390015,
      0.20352201163768768,
      0.20674100518226624,
      0.18275006115436554,
      0.2093670815229416
    ],
    [
      0.19256705045700073,
      0.20651109516620636,
      0.21017655730247498,
      0.177604541182518,
      0.21314077079296112
    ],
    [
      0.18664973974227905,
      0.20983463525772095,
      0.21403445303440094,
      0.17237459123134613,
      0.21710656583309174
    ],
    [
      0.18155443668365479,
      0.21260519325733185,
      0.217135950922966,
      0.167832612991333,
      0.22087180614471436
    ],
    [
      0.1768418848514557,
      0.21520163118839264,
      0.219967782497406,
      0.16369105875492096,
      0.22429759800434113
    ],
    [
      0.17238962650299072,
      0.2177974134683609,
      0.22209607064723969,
      0.16002781689167023,
      0.22768908739089966
    ],
    [
      0.16938813030719757,
      0.2190282642841339,
      0.22397480905056,
      0.1571403592824936,
      0.23046842217445374
    ],
    [
      0.16644631326198578,
      0.22038032114505768,
      0.22562460601329803,
      0.15449342131614685,
      0.23305539786815643
    ],
    [
      0.16412042081356049,
      0.2212059050798416,
      0.22699357569217682,
      0.15233750641345978,
      0.23534265160560608
    ],
    [
      0.16241711378097534,
      0.22165769338607788,
      0.227935791015625,
      0.15066994726657867,
      0.2373194396495819
    ],
    [
      0.16075864434242249,
      0.22225463390350342,
      0.22874751687049866,
      0.1492326557636261,
      0.23900657892227173
    ],
    [
      0.15962953865528107,
      0.22251686453819275,
      0.2294626086950302,
      0.1481344848871231,
      0.24025653302669525
    ],
    [
      0.15878967940807343,
      0.22268721461296082,
      0.2299443632364273,
      0.14734938740730286,
      0.2412293255329132
    ],
    [
      0.1581888645887375,
      0.22283324599266052,
      0.2302762120962143,
      0.14678247272968292,
      0.24191921949386597
    ],
    [
      0.15778276324272156,
      0.22288867831230164,
      0.23055076599121094,
      0.146408811211586,
      0.24236896634101868
    ],
    [
      0.15757708251476288,
      0.22290538251399994,
      0.23068180680274963,
      0.1462055742740631,
      0.24263010919094086
    ],
    [
      0.15747269988059998,
      0.22293762862682343,
      0.2307322770357132,
      0.14610840380191803,
      0.24274899065494537
    ]
  ],
  "embedding_spearman_rho": 0.5062483320017277,
  "history": {
    "train_loss": [
      1.8314479539791744,
      0.652810358752807,
      0.33558584190905094,
      0.1675196240345637,
      0.12372877572973569,
      0.08189426036551595,
      0.06401929026469588,
      0.05381990340538323,
      0.04660139667491118,
      0.038240290246903896,
      0.033604393092294536,
      0.027668050723150373,
      0.025135988447194297,
      0.022783965338021517,
      0.022066367402051885,
      0.02442874798240761,
      0.02606748219113797,
      0.024753379402682185,
      0.024180651797602575,
      0.02303094641926388
    ],
    "train_acc": [
      0.3841145833333333,
      0.8463541666666666,
      0.9309895833333334,
      0.98046875,
      0.9739583333333334,
      0.98828125,
      0.9908854166666666,
      0.99609375,
      0.9947916666666666,
      0.99609375,
      0.9973958333333334,
      1.0,
      1.0,
      1.0,
      1.0,
      0.9986979166666666,
      1.0,
      1.0,
      1.0,
      1.0
    ],
    "val_loss": [
      0.8951490620772043,
      0.3571966290473938,
      0.1823733871181806,
      0.2066174919406573,
      0.08242700497309367,
      0.08218158533175786,
      0.11056793791552384,
      0.05570031081636747,
      0.07751188986003399,
      0.0551551536967357,
      0.05868700829644998,
      0.051784467262526356,
      0.053948838263750076,
      0.052846359399457775,
      0.04978576892366012,
      0.04970055678859353,
      0.05394812083492676,
      0.05166267603635788,
      0.04898878730212649,
      0.051141274782518543
    ],
    "val_acc": [
      0.765625,
      0.921875,
      0.9583333333333334,
      0.953125,
      0.9791666666666666,
      0.984375,
      0.9739583333333334,
      0.9895833333333334,
      0.9739583333333334,
      0.9791666666666666,
      0.984375,
      0.984375,
      0.9791666666666666,
      0.9791666666666666,
      0.9791666666666666,
      0.984375,
      0.9791666666666666,
      0.9791666666666666,
      0.984375,
      0.9791666666666666
    ],
    "ce_loss": [
      1.8231659357746441,
      0.6466291919350624,
      0.3297420957436164,
      0.16118326410651207,
      0.1167257553897798,
      0.07544733382140596,
      0.057275129637370505,
      0.047133923353006445,
      0.04053069189346085,
      0.03181520930957049,
      0.0271936838204662,
      0.021579446426282328,
      0.018719981191679835,
      0.016691088521232206,
      0.016062692351018388,
      0.01825164696977784,
      0.01982374902581796,
      0.018645116263845313,
      0.017863861032916855,
      0.01691384904552251
    ],
    "topo_loss": [
      0.08282017599170406,
      0.061811610125005245,
      0.058437446132302284,
      0.06336359741787116,
      0.07003018896405895,
      0.06446926357845466,
      0.06744160192708175,
      0.0668598006789883,
      0.060707045098145805,
      0.06425081007182598,
      0.0641070903899769,
      0.060886041882137455,
      0.06416006882985432,
      0.06092876894399524,
      0.06003675051033497,
      0.061771007565160595,
      0.0624373322352767,
      0.061082629642138876,
      0.06316790745283167,
      0.06117097241804004
    ]
  },
  "report": {
    "ABK": {
      "precision": 1.0,
      "recall": 0.9166666666666666,
      "f1-score": 0.9565217391304348,
      "support": 48.0
    },
    "BK": {
      "precision": 1.0,
      "recall": 0.9166666666666666,
      "f1-score": 0.9565217391304348,
      "support": 48.0
    },
    "CH": {
      "precision": 1.0,
      "recall": 1.0,
      "f1-score": 1.0,
      "support": 48.0
    },
    "F8K": {
      "precision": 0.9534883720930233,
      "recall": 0.8541666666666666,
      "f1-score": 0.9010989010989011,
      "support": 48.0
    },
    "F8L": {
      "precision": 0.9791666666666666,
      "recall": 0.9791666666666666,
      "f1-score": 0.9791666666666666,
      "support": 48.0
    },
    "FSK": {
      "precision": 0.9791666666666666,
      "recall": 0.9791666666666666,
      "f1-score": 0.9791666666666666,
      "support": 48.0
    },
    "FMB": {
      "precision": 1.0,
      "recall": 0.9375,
      "f1-score": 0.967741935483871,
      "support": 48.0
    },
    "OHK": {
      "precision": 0.8275862068965517,
      "recall": 1.0,
      "f1-score": 0.9056603773584906,
      "support": 48.0
    },
    "RK": {
      "precision": 0.94,
      "recall": 0.9791666666666666,
      "f1-score": 0.9591836734693877,
      "support": 48.0
    },
    "SK": {
      "precision": 0.8846153846153846,
      "recall": 0.9583333333333334,
      "f1-score": 0.92,