{
  "model": "resnet50",
  "method": "learnable_topology",
  "epochs": 20,
  "test_acc": 0.9541666666666667,
  "best_val_acc": 1.0,
  "train_time": 4583.183911085129,
  "initial_weights": [
    0.20000000298023224,
    0.20000000298023224,
    0.20000000298023224,
    0.20000000298023224,
    0.20000000298023224
  ],
  "learned_weights": [
    0.1894560307264328,
    0.20803532004356384,
    0.20967428386211395,
    0.17117145657539368,
    0.22166292369365692
  ],
  "weight_trajectory": [
    [
      0.20000000298023224,
      0.20000000298023224,
      0.20000000298023224,
      0.20000000298023224,
      0.20000000298023224
    ],
    [
      0.19773779809474945,
      0.20195415616035461,
      0.20241738855838776,
      0.1944602131843567,
      0.20343047380447388
    ],
    [
      0.1995442807674408,
      0.20125390589237213,
      0.20242318511009216,
      0.19040711224079132,
      0.2063715010881424
    ],
    [
      0.2023884803056717,
      0.19956077635288239,
      0.20034931600093842,
      0.18811939656734467,
      0.20958201587200165
    ],
    [
      0.19978395104408264,
      0.20177169144153595,
      0.20173640549182892,
      0.1829969733953476,
      0.21371090412139893
    ],
    [
      0.19445692002773285,
      0.20535887777805328,
      0.20563194155693054,
      0.17677198350429535,
      0.21778035163879395
    ],
    [
      0.1894560307264328,
      0.20803532004356384,
      0.20967428386211395,
      0.17117145657539368,
      0.22166292369365692
    ],
    [
      0.18543532490730286,
      0.21015183627605438,
      0.21281330287456512,
      0.16640938818454742,
      0.2251901775598526
    ],
    [
      0.18141679465770721,
      0.21226483583450317,
      0.21569618582725525,
      0.1621934026479721,
      0.22842887043952942
    ],
    [
      0.17807723581790924,
      0.21387697756290436,
      0.2181694060564041,
      0.15862956643104553,
      0.23124687373638153
    ],
    [
      0.1755572259426117,
      0.21473635733127594,
      0.22008515894412994,
      0.1558019369840622,
      0.23381935060024261
    ],
    [
      0.17347590625286102,
      0.21548081934452057,
      0.22161023318767548,
      0.1534343808889389,
      0.2359987050294876
    ],
    [
      0.17151708900928497,
      0.2163008749485016,
      0.22286278009414673,
      0.15141622722148895,
      0.2379029393196106
    ],
    [
      0.17021888494491577,
      0.21664589643478394,
      0.22386495769023895,
      0.1498655378818512,
      0.23940473794937134
    ],
    [
      0.1694081425666809,
      0.21676594018936157,
      0.22449453175067902,
      0.14874590933322906,
      0.24058546125888824
    ],
    [
      0.1686377376317978,
      0.21698413789272308,
      0.2250388264656067,
      0.1478625386953354,
      0.2414768487215042
    ],
    [
      0.1680804342031479,
      0.21714845299720764,
      0.22547166049480438,
      0.14721769094467163,
      0.24208171665668488
    ],
    [
      0.16773384809494019,
      0.2172691524028778,
      0.22569827735424042,
      0.14681188762187958,
      0.24248680472373962
    ],
    [
      0.1675363928079605,
      0.21731974184513092,
      0.22584278881549835,
      0.14657710492610931,
      0.24272389709949493
    ],
    [
      0.167457714676857,
      0.21733033657073975,
      0.22590377926826477,
      0.1464768648147583,
      0.24283137917518616
    ]
  ],
  "embedding_spearman_rho": 0.5041576188726861,
  "history": {
    "train_loss": [
      2.2120248874028525,
      1.632140705982844,
      0.9313920239607493,
      0.4073526474336783,
      0.1757039480532209,
      0.0989730527314047,
      0.06988078130719562,
      0.04615318891592324,
      0.03756398738672336,
      0.03206781934325894,
      0.025848032363379996,
      0.028928581664028268,
      0.027628079677621525,
      0.02261507437409212,
      0.026350292299563687,
      0.01756198626632492,
      0.01892986831565698,
      0.01780684373807162,
      0.017653331975452602,
      0.019684900490877528
    ],
    "train_acc": [
      0.23177083333333334,
      0.578125,
      0.8098958333333334,
      0.9401041666666666,
      0.9713541666666666,
      0.9830729166666666,
      0.9908854166666666,
      0.9947916666666666,
      0.9947916666666666,
      0.99609375,
      0.9973958333333334,
      0.9934895833333334,
      0.99609375,
      0.99609375,
      0.99609375,
      1.0,
      0.9986979166666666,
      0.9986979166666666,
      0.9986979166666666,
      1.0
    ],
    "val_loss": [
      1.9920366605122883,
      1.0923116902510326,
      0.48531631628672284,
      0.204968291024367,
      0.1169198639690876,
      0.05500353934864203,
      0.033702923295398556,
      0.04005823377519846,
      0.024937753876050312,
      0.023022921135028202,
      0.024465023384739954,
      0.023164764357109863,
      0.021220517499993246,
      0.019433134545882542,
      0.016580986479918163,
      0.015873420828332502,
      0.016113810396442812,
      0.01695468509569764,
      0.016349054407328367,
      0.014981963982184729
    ],
    "val_acc": [
      0.453125,
      0.734375,
      0.8958333333333334,
      0.9375,
      0.9739583333333334,
      1.0,
      0.9947916666666666,
      0.9947916666666666,
      0.9947916666666666,
      1.0,
      1.0,
      0.9947916666666666,
      1.0,
      1.0,
      1.0,
      1.0,
      1.0,
      1.0,
      1.0,
      1.0
    ],
    "ce_loss": [
      2.203451856970787,
      1.625387077530225,
      0.9259863992532095,
      0.4009753701587518,
      0.16840517443294326,
      0.09149710554629564,
      0.06230261207868656,
      0.03873844543704763,
      0.03025674521146963,
      0.02469192227969567,
      0.01890094855722661,
      0.021789870030867558,
      0.020767791642962646,
      0.015787418310840923,
      0.019512667883342754,
      0.010780701452555755,
      0.01238208805443719,
      0.010823187554099908,
      0.011037614448772123,
      0.012849653809098527
    ],
    "topo_loss": [
      0.08573037494594853,
      0.06753626791760325,
      0.0540562206103156,
      0.0637727544332544,
      0.07298772735521197,
      0.0747594777494669,
      0.07578168747325738,
      0.07414743164554238,
      0.07307242027794321,
      0.07375896939386924,
      0.06947083352133632,
      0.07138711586594582,
      0.06860287751381595,
      0.06827655900269747,
      0.06837624590843916,
      0.06781284526611368,
      0.06547780179729064,
      0.06983656048153837,
      0.06615717336535454,
      0.06835246349995334
    ]
  },
  "report": {
    "ABK": {
      "precision": 1.0,
      "recall": 0.8958333333333334,
      "f1-score": 0.945054945054945,
      "support": 48.0
    },
    "BK": {
      "precision": 1.0,
      "recall": 0.875,
      "f1-score": 0.9333333333333333,
      "support": 48.0
    },
    "CH": {
      "precision": 1.0,
      "recall": 1.0,
      "f1-score": 1.0,
      "support": 48.0
    },
    "F8K": {
      "precision": 0.9375,
      "recall": 0.9375,
      "f1-score": 0.9375,
      "support": 48.0
    },
    "F8L": {
      "precision": 1.0,
      "recall": 0.9166666666666666,
      "f1-score": 0.9565217391304348,
      "support": 48.0
    },
    "FSK": {
      "precision": 0.9411764705882353,
      "recall": 1.0,
      "f1-score": 0.9696969696969697,
      "support": 48.0
    },
    "FMB": {
      "precision": 1.0,
      "recall": 0.9791666666666666,
      "f1-score": 0.9894736842105263,
      "support": 48.0
    },
    "OHK": {
      "precision": 0.7619047619047619,
      "recall": 1.0,
      "f1-score": 0.8648648648648649,
      "support": 48.0
    },
    "RK": {
      "precision": 1.0,
      "recall": 0.9583333333333334,
      "f1-score": 0.9787234042553191,
      "support": 48.0
    },
    "SK": {
      "precision": 0.9791666666666666,
      "recall": 0.9791666666666666,
      "f1-score": 0.9791666666666666,
      "support": 48.0
    },
    "accuracy": 0.9541666666666667,