{
  "ResNet-18 (CE)_vs_ResNet-18 (TACA)": {
    "model_a": "ResNet-18 (CE)",
    "model_b": "ResNet-18 (TACA)",
    "acc_a": 0.9583333333333334,
    "acc_b": 0.9583333333333334,
    "b_a_wrong_b_right": 1,
    "c_a_right_b_wrong": 1,
    "chi2": 0.5,
    "p_value": 0.47950012218695337,
    "significant": false
  },
  "ResNet-50 (CE)_vs_ResNet-50 (TACA)": {
    "model_a": "ResNet-50 (CE)",
    "model_b": "ResNet-50 (TACA)",
    "acc_a": 0.9604166666666667,
    "acc_b": 0.9583333333333334,
    "b_a_wrong_b_right": 4,
    "c_a_right_b_wrong": 5,
    "chi2": 0.0,
    "p_value": 1.0,
    "significant": false
  },
  "pairwise": {
    "EfficientNet-B0 (CE)_vs_ResNet-18 (CE)": {
      "model_a": "EfficientNet-B0 (CE)",
      "model_b": "ResNet-18 (CE)",
      "acc_a": 0.9520833333333333,
      "acc_b": 0.9583333333333334,
      "b": 18,
      "c": 15,
      "chi2": 0.12121212121212122,
      "p_value": 0.7277235466695502,
      "significant_0.05": false,
      "significant_0.01": false
    },
    "EfficientNet-B0 (CE)_vs_ResNet-18 (TACA)": {
      "model_a": "EfficientNet-B0 (CE)",
      "model_b": "ResNet-18 (TACA)",
      "acc_a": 0.9520833333333333,
      "acc_b": 0.9583333333333334,
      "b": 18,
      "c": 15,
      "chi2": 0.12121212121212122,
      "p_value": 0.7277235466695502,
      "significant_0.05": false,
      "significant_0.01": false
    },
    "EfficientNet-B0 (CE)_vs_ResNet-50 (CE)": {
      "model_a": "EfficientNet-B0 (CE)",
      "model_b": "ResNet-50 (CE)",
      "acc_a": 0.9520833333333333,
      "acc_b": 0.9604166666666667,
      "b": 16,
      "c": 12,
      "chi2": 0.32142857142857145,
      "p_value": 0.5707503880581739,
      "significant_0.05": false,
      "significant_0.01": false
    },
    "EfficientNet-B0 (CE)_vs_ResNet-50 (TACA)": {
      "model_a": "EfficientNet-B0 (CE)",
      "model_b": "ResNet-50 (TACA)",
      "acc_a": 0.9520833333333333,
      "acc_b": 0.9583333333333334,
      "b": 17,
      "c": 14,
      "chi2": 0.12903225806451613,
      "p_value": 0.7194375444233914,
      "significant_0.05": false,
      "significant_0.01": false
    },
    "EfficientNet-B0 (CE)_vs_Swin-T (CE)": {
      "model_a": "EfficientNet-B0 (CE)",
      "model_b": "Swin-T (CE)",
      "acc_a": 0.9520833333333333,
      "acc_b": 0.99375,
      "b": 20,
      "c": 0,
      "chi2": 18.05,
      "p_value": 2.1517864378120194e-05,
      "significant_0.05": true,
      "significant_0.01": true
    },
    "EfficientNet-B0 (CE)_vs_ViT-B/16 (CE)": {
      "model_a": "EfficientNet-B0 (CE)",
      "model_b": "ViT-B/16 (CE)",
      "acc_a": 0.9520833333333333,
      "acc_b": 0.9520833333333333,
      "b": 19,
      "c": 19,
      "chi2": 0.02631578947368421,
      "p_value": 0.8711314915971582,
      "significant_0.05": false,
      "significant_0.01": false
    },
    "ResNet-18 (CE)_vs_ResNet-18 (TACA)": {
      "model_a": "ResNet-18 (CE)",
      "model_b": "ResNet-18 (TACA)",
      "acc_a": 0.9583333333333334,
      "acc_b": 0.9583333333333334,
      "b": 1,
      "c": 1,
      "chi2": 0.5,
      "p_value": 0.47950012218695337,
      "significant_0.05": false,
      "significant_0.01": false
    },
    "ResNet-18 (CE)_vs_ResNet-50 (CE)": {
      "model_a": "ResNet-18 (CE)",
      "model_b": "ResNet-50 (CE)",
      "acc_a": 0.9583333333333334,
      "acc_b": 0.9604166666666667,
      "b": 15,
      "c": 14,
      "chi2": 0.0,
      "p_value": 1.0,
      "significant_0.05": false,
      "significant_0.01": false
    },
    "ResNet-18 (CE)_vs_ResNet-50 (TACA)": {
      "model_a": "ResNet-18 (CE)",
      "model_b": "ResNet-50 (TACA)",
      "acc_a": 0.9583333333333334,
      "acc_b": 0.9583333333333334,
      "b": 14,
      "c": 14,
      "chi2": 0.03571428571428571,
      "p_value": 0.8501067391385259,
      "significant_0.05": false,
      "significant_0.01": false
    },
    "ResNet-18 (CE)_vs_Swin-T (CE)": {
      "model_a": "ResNet-18 (CE)",
      "model_b": "Swin-T (CE)",
      "acc_a": 0.9583333333333334,
      "acc_b": 0.99375,
      "b": 17,
      "c": 0,
      "chi2": 15.058823529411764,
      "p_value": 0.00010421194515808901,
      "significant_0.05": true,
      "significant_0.01": true
    },
    "ResNet-18 (CE)_vs_ViT-B/16 (CE)": {
      "model_a": "ResNet-18 (CE)",
      "model_b": "ViT-B/16 (CE)",
      "acc_a": 0.9583333333333334,
      "acc_b": 0.9520833333333333,
      "b": 16,
      "c": 19,
      "chi2": 0.11428571428571428,
      "p_value": 0.7353166906373405,
      "significant_0.05": false,
      "significant_0.01": false
    },
    "ResNet-18 (TACA)_vs_ResNet-50 (CE)": {
      "model_a": "ResNet-18 (TACA)",
      "model_b": "ResNet-50 (CE)",
      "acc_a": 0.9583333333333334,
      "acc_b": 0.9604166666666667,
      "b": 15,
      "c": 14,
      "chi2": 0.0,
      "p_value": 1.0,
      "significant_0.05": false,
      "significant_0.01": false
    },
    "ResNet-18 (TACA)_vs_ResNet-50 (TACA)": {
      "model_a": "ResNet-18 (TACA)",
      "model_b": "ResNet-50 (TACA)",
      "acc_a": 0.9583333333333334,
      "acc_b": 0.9583333333333334,
      "b": 14,
      "c": 14,
      "chi2": 0.03571428571428571,
      "p_value": 0.8501067391385259,
      "significant_0.05": false,
      "significant_0.01": false
    },
    "ResNet-18 (TACA)_vs_Swin-T (CE)": {
      "model_a": "ResNet-18 (TACA)",
      "model_b": "Swin-T (CE)",
      "acc_a": 0.9583333333333334,
      "acc_b": 0.99375,
      "b": 17,
      "c": 0,
      "chi2": 15.058823529411764,
      "p_value": 0.00010421194515808901,
      "significant_0.05": true,
      "significant_0.01": true
    },
    "ResNet-18 (TACA)_vs_ViT-B/16 (CE)": {
      "model_a": "ResNet-18 (TACA)",
      "model_b": "ViT-B/16 (CE)",
      "acc_a": 0.9583333333333334,
      "acc_b": 0.9520833333333333,
      "b": 16,
      "c": 19,
      "chi2": 0.11428571428571428,
      "p_value": 0.7353166906373405,
      "significant_0.05": false,
      "significant_0.01": false
    },
    "ResNet-50 (CE)_vs_ResNet-50 (TACA)": {
      "model_a": "ResNet-50 (CE)",
      "model_b": "ResNet-50 (TACA)",
      "acc_a": 0.9604166666666667,
      "acc_b": 0.9583333333333334,
      "b": 4,
      "c": 5,
      "chi2": 0.0,
      "p_value": 1.0,
      "significant_0.05": false,
      "significant_0.01": false
    },
    "ResNet-50 (CE)_vs_Swin-T (CE)": {
      "model_a": "ResNet-50 (CE)",
      "model_b": "Swin-T (CE)",
      "acc_a": 0.9604166666666667,
      "acc_b": 0.99375,
      "b": 16,
      "c": 0,
      "chi2": 14.0625,
      "p_value": 0.00017683457040160795,
      "significant_0.05": true,
      "significant_0.01": true
    },
    "ResNet-50 (CE)_vs_ViT-B/16 (CE)": {
      "model_a": "ResNet-50 (CE)",
      "model_b": "ViT-B/16 (CE)",
      "acc_a": 0.9604166666666667,
      "acc_b": 0.9520833333333333,
      "b": 12,
      "c": 16,
      "chi2": 0.32142857142857145,
      "p_value": 0.5707503880581739,
      "significant_0.05": false,
      "significant_0.01": false
    },
    "ResNet-50 (TACA)_vs_Swin-T (CE)": {
      "model_a": "ResNet-50 (TACA)",
      "model_b": "Swin-T (CE)",
      "acc_a": 0.9583333333333334,
      "acc_b": 0.99375,
      "b": 17,
      "c": 0,
      "chi2": 15.058823529411764,
      "p_value": 0.00010421194515808901,
      "significant_0.05": true,
      "significant_0.01": true
    },
    "ResNet-50 (TACA)_vs_ViT-B/16 (CE)": {
      "model_a": "ResNet-50 (TACA)",
      "model_b": "ViT-B/16 (CE)",
      "acc_a": 0.9583333333333334,
      "acc_b": 0.9520833333333333,
      "b": 12,
      "c": 15,
      "chi2": 0.14814814814814814,
      "p_value": 0.7003113729368903,
      "significant_0.05": false,
      "significant_0.01": false
    },
    "Swin-T (CE)_vs_ViT-B/16 (CE)": {
      "model_a": "Swin-T (CE)",
      "model_b": "ViT-B/16 (CE)",
      "acc_a": 0.99375,
      "acc_b": 0.9520833333333333,
      "b": 1,
      "c": 21,
      "chi2": 16.40909090909091,
      "p_value": 5.103985260291326e-05,
      "significant_0.05": true,
      "significant_0.01": true
    },