{
  "resnet18_CE": {
    "model": "resnet18",
    "method": "CE",
    "test_accuracy": 0.975,
    "knn": {
      "k=1": {
        "accuracy": 0.9729166666666667,
        "correct": 467,
        "total": 480
      },
      "k=3": {
        "accuracy": 0.975,
        "correct": 468,
        "total": 480
      },
      "k=5": {
        "accuracy": 0.9770833333333333,
        "correct": 469,
        "total": 480
      },
      "k=10": {
        "accuracy": 0.975,
        "correct": 468,
        "total": 480
      }
    },
    "embedding_mantel": {
      "spearman_rho": 0.43522625187451563,
      "p_value": 0.0029,
      "significant": true
    },
    "centroid_distance_matrix": [
      [
        0.0,
        0.7031209251534914,
        0.7724881872389122,
        0.70698706809943,
        0.8810295484656845,
        0.8132168243810111,
        0.8610699852273316,
        0.7691453931762217,
        0.8737603453912173,
        0.7904323743319888
      ],
      [
        0.7031209251534914,
        0.0,
        0.868334971037598,
        0.7924682246147563,
        0.758059634020371,
        0.7825094272859987,
        0.8816947198627838,
        0.7616962761693147,
        0.7914707736108638,
        0.5879414540337928
      ],
      [
        0.7724881872389122,
        0.868334971037598,
        0.0,
        0.8078219911826529,
        0.9264974382840795,
        0.7847378432938085,
        0.8151104440275853,
        0.9304754747721214,
        0.8165102356403174,
        0.7993356312435066
      ],
      [
        0.70698706809943,
        0.7924682246147563,
        0.8078219911826529,
        0.0,
        0.7572344786652005,
        0.8188027268558241,
        0.8078457302988802,
        0.6499764581429046,
        0.8226121407962222,
        0.6637091627683047
      ],
      [
        0.8810295484656845,
        0.758059634020371,
        0.9264974382840795,
        0.7572344786652005,
        0.0,
        0.8108833848905218,
        0.7930760548228021,
        0.9758699025689533,
        0.8518303674856004,
        0.6607118442681326
      ],
      [
        0.8132168243810111,
        0.7825094272859987,
        0.7847378432938085,
        0.8188027268558241,
        0.8108833848905218,
        0.0,
        0.6073155657725205,
        0.8751372141324061,
        0.5886040406560594,
        0.6966068844525386
      ],
      [
        0.8610699852273316,
        0.8816947198627838,
        0.8151104440275853,
        0.8078457302988802,
        0.7930760548228021,
        0.6073155657725205,
        0.0,
        1.0,
        0.7169015161336884,
        0.8184554827631569
      ],
      [
        0.7691453931762217,
        0.7616962761693147,
        0.9304754747721214,
        0.6499764581429046,
        0.9758699025689533,
        0.8751372141324061,
        1.0,
        0.0,
        0.8168419030635976,
        0.8302659311576512
      ],
      [
        0.8737603453912173,
        0.7914707736108638,
        0.8165102356403174,
        0.8226121407962222,
        0.8518303674856004,
        0.5886040406560594,
        0.7169015161336884,
        0.8168419030635976,
        0.0,
        0.7320097290924706
      ],
      [
        0.7904323743319888,
        0.5879414540337928,
        0.7993356312435066,
        0.6637091627683047,
        0.6607118442681326,
        0.6966068844525386,
        0.8184554827631569,
        0.8302659311576512,
        0.7320097290924706,
        0.0
      ]
    ]
  },
  "resnet18_TACA": {
    "model": "resnet18",
    "method": "TACA",
    "test_accuracy": 0.9770833333333333,
    "knn": {
      "k=1": {
        "accuracy": 0.9729166666666667,
        "correct": 467,
        "total": 480
      },
      "k=3": {
        "accuracy": 0.9770833333333333,
        "correct": 469,
        "total": 480
      },
      "k=5": {
        "accuracy": 0.9770833333333333,
        "correct": 469,
        "total": 480
      },
      "k=10": {
        "accuracy": 0.9770833333333333,
        "correct": 469,
        "total": 480
      }
    },
    "embedding_mantel": {
      "spearman_rho": 0.4385435251357543,
      "p_value": 0.0031,
      "significant": true
    },
    "centroid_distance_matrix": [
      [
        0.0,
        0.7378316393369652,
        0.7426470882213478,
        0.722675496077994,
        0.9029589695981559,
        0.8321592236642936,
        0.8817656237214399,
        0.7645561612237821,
        0.9089676524123622,
        0.8039775263948117
      ],
      [
        0.7378316393369652,
        0.0,
        0.8579631156312778,
        0.8116884683239605,
        0.7669083120301062,
        0.7881560987467545,
        0.8964268684269516,
        0.7631902758664623,
        0.8095963941372879,
        0.5956684149039696
      ],
      [
        0.7426470882213478,
        0.8579631156312778,
        0.0,
        0.7975323839703777,
        0.9136567612324713,
        0.8026716792220437,
        0.8319490567008344,
        0.9008223165596907,
        0.8539232987870554,
        0.7972815029883157
      ],
      [
        0.722675496077994,
        0.8116884683239605,
        0.7975323839703777,
        0.0,
        0.7527596908026832,
        0.8404546882958724,
        0.8184262719099392,
        0.6920534231893722,
        0.8674177636795771,
        0.6718058286482226
      ],
      [
        0.9029589695981559,
        0.7669083120301062,
        0.9136567612324713,
        0.7527596908026832,
        0.0,
        0.8277117335536022,
        0.8039624668723824,
        0.9727308031736411,
        0.8761828721787718,
        0.6521939991667953
      ],
      [
        0.8321592236642936,
        0.7881560987467545,
        0.8026716792220437,
        0.8404546882958724,
        0.8277117335536022,
        0.0,
        0.6745264046736228,
        0.8653893259704263,
        0.6182717585444132,
        0.7178118700488488
      ],
      [
        0.8817656237214399,
        0.8964268684269516,
        0.8319490567008344,
        0.8184262719099392,
        0.8039624668723824,
        0.6745264046736228,
        0.0,
        1.0,
        0.7679220311217692,
        0.8406471303347025
      ],
      [
        0.7645561612237821,
        0.7631902758664623,
        0.9008223165596907,
        0.6920534231893722,
        0.9727308031736411,
        0.8653893259704263,
        1.0,
        0.0,
        0.8229322675989177,
        0.8497825964695682
      ],
      [
        0.9089676524123622,
        0.8095963941372879,
        0.8539232987870554,
        0.8674177636795771,
        0.8761828721787718,
        0.6182717585444132,
        0.7679220311217692,
        0.8229322675989177,
        0.0,
        0.7647663948222964
      ],
      [
        0.8039775263948117,
        0.5956684149039696,
        0.7972815029883157,
        0.6718058286482226,
        0.6521939991667953,
        0.7178118700488488,
        0.8406471303347025,
        0.8497825964695682,
        0.7647663948222964,
        0.0
      ]
    ]
  },
  "resnet50_CE": {
    "model": "resnet50",
    "method": "CE",
    "test_accuracy": 0.9354166666666667,
    "knn": {
      "k=1": {
        "accuracy": 0.9604166666666667,
        "correct": 461,
        "total": 480
      },
      "k=3": {
        "accuracy": 0.9604166666666667,
        "correct": 461,
        "total": 480
      },
      "k=5": {
        "accuracy": 0.9583333333333334,
        "correct": 460,
        "total": 480
      },
      "k=10": {
        "accuracy": 0.9583333333333334,
        "correct": 460,
        "total": 480
      }
    },
    "embedding_mantel": {
      "spearman_rho": 0.5463549061260116,
      "p_value": 0.0018,
      "significant": true
    },