{
  "resnet18": {
    "spearman_rho": -0.2913552365424684,
    "spearman_p": 0.05215756909609426,
    "pearson_r": -0.3014046288728844,
    "pearson_p": 0.04421499604780808
  },
  "vit": {
    "spearman_rho": -0.39782171803179667,
    "spearman_p": 0.006804269752783025,
    "pearson_r": -0.3593067135498128,
    "pearson_p": 0.015348989788395813
  },
  "resnet50": {
    "spearman_rho": -0.4715367953633748,
    "spearman_p": 0.0010765504836820145,
    "pearson_r": -0.4531438720752657,
    "pearson_p": 0.0017727824662868603
  },
  "efficientnet_b0": {
    "spearman_rho": -0.4914935335557014,
    "spearman_p": 0.0006067293163084663,
    "pearson_r": -0.42596645077454787,
    "pearson_p": 0.003529076157500122
  },
  "swin_t": {
    "spearman_rho": -0.21416317936252727,
    "spearman_p": 0.15775157170508552,
    "pearson_r": -0.19548534991319536,
    "pearson_p": 0.19812511237843236
  }
}