{
  "grid_search": {
    "Default (0.25,0.25,0.15,0.10,0.25)": {
      "weights": [
        0.25,
        0.25,
        0.15,
        0.1,
        0.25
      ],
      "rho": -0.4914935335557014,
      "p": 0.0006067293163084663
    },
    "Uniform (0.20 each)": {
      "weights": [
        0.2,
        0.2,
        0.2,
        0.2,
        0.2
      ],
      "rho": -0.49219812064797736,
      "p": 0.0005941881387860691
    },
    "Crossing-heavy (0.40,0.15,0.15,0.15,0.15)": {
      "weights": [
        0.4,
        0.15,
        0.15,
        0.15,
        0.15
      ],
      "rho": -0.4571449128072518,
      "p": 0.0015942142216262033
    },
    "Family-heavy (0.15,0.40,0.15,0.15,0.15)": {
      "weights": [
        0.15,
        0.4,
        0.15,
        0.15,
        0.15
      ],
      "rho": -0.49219812064797736,
      "p": 0.0005941881387860691
    },
    "Structure-heavy (0.15,0.15,0.15,0.15,0.40)": {
      "weights": [
        0.15,
        0.15,
        0.15,
        0.15,
        0.4
      ],
      "rho": -0.49008435937114964,
      "p": 0.0006325265432191598
    },
    "No crossing (0,0.30,0.20,0.20,0.30)": {
      "weights": [
        0.0,
        0.3,
        0.2,
        0.2,
        0.3
      ],
      "rho": -0.49635267325160415,
      "p": 0.0005248555499225554
    },
    "No family (0.30,0,0.20,0.20,0.30)": {
      "weights": [
        0.3,
        0.0,
        0.2,
        0.2,
        0.3
      ],
      "rho": -0.4840588349123473,
      "p": 0.0007542864154277834
    },
    "Binary family only (0,1,0,0,0)": {
      "weights": [
        0.0,
        1.0,
        0.0,
        0.0,
        0.0
      ],
      "rho": -0.2412896715222642,
      "p": 0.1103179851990192
    },
    "Crossing only (1,0,0,0,0)": {
      "weights": [
        1.0,
        0.0,
        0.0,
        0.0,
        0.0
      ],
      "rho": -0.3204325590684858,
      "p": 0.03187452660415457
    }
  },
  "monte_carlo": {
    "n_samples": 200,
    "mean_rho": -0.482702048111829,
    "std_rho": 0.015545256511177078,
    "min_rho": -0.5289247228328583,
    "max_rho": -0.44085133629837175,
    "pct_significant": 100.0
  },
  "multi_model": {
    "resnet18": {
      "default": {
        "rho": -0.2913552365424684,
        "p": 0.05215756909609426
      },
      "uniform": {
        "rho": -0.2961016251076966,
        "p": 0.04827368506089584
      }
    },
    "resnet50": {
      "default": {
        "rho": -0.4715367953633748,
        "p": 0.0010765504836820145
      },
      "uniform": {
        "rho": -0.4621025326289169,
        "p": 0.0013952140475608776
      }
    },
    "efficientnet_b0": {
      "default": {
        "rho": -0.4914935335557014,
        "p": 0.0006067293163084663
      },
      "uniform": {
        "rho": -0.49219812064797736,
        "p": 0.0005941881387860691
      }
    },
    "vit": {
      "default": {
        "rho": -0.39782171803179667,
        "p": 0.006804269752783025
      },
      "uniform": {
        "rho": -0.40064252347762375,
        "p": 0.006386636337553819
      }
    },
    "swin_t": {
      "default": {
        "rho": -0.21416317936252727,
        "p": 0.15775157170508552
      },
      "uniform": {
        "rho": -0.21416317936252727,
        "p": 0.15775157170508552
      }
    }
  }
}